id;libelle;description
1;connecting;../fake-data/blob/hipster.txt
2;interactive green;../fake-data/blob/hipster.txt
3;Cambridgeshire South Carolina National;../fake-data/blob/hipster.txt
4;Credit Card Account Chair solutions;../fake-data/blob/hipster.txt
5;redefine Clothing;../fake-data/blob/hipster.txt
6;Sleek Steel Shoes communities microchip;../fake-data/blob/hipster.txt
7;silver;../fake-data/blob/hipster.txt
8;Cotton dynamic;../fake-data/blob/hipster.txt
9;open architecture generating;../fake-data/blob/hipster.txt
10;help-desk;../fake-data/blob/hipster.txt
